customer_id,name,email,registration_date,age,location
CUST_00001,John Moses,nwong@example.net,2025-01-19,24,East Billy
CUST_00002,Lacey Smith,fnelson@example.org,2025-05-09,41,Alanhaven
CUST_00003,Tricia Martin,chambersanna@example.net,2025-06-18,41,East Angela
CUST_00004,Frank Acevedo,wilsoncarrie@example.net,2024-04-16,50,Colemanburgh
CUST_00005,Jaclyn Gonzalez,daniel83@example.org,2025-07-02,31,West Ashleemouth
CUST_00006,Patricia Chavez,pbanks@example.com,2025-04-27,31,Fryemouth
CUST_00007,Ashley Burton,catherine30@example.net,2025-02-27,18,Fostermouth
CUST_00008,Seth Moody,kimberlydrake@example.org,2025-03-06,49,East Adam
CUST_00009,Brady Howard,lisa18@example.org,2024-07-29,32,Robertsmouth
CUST_00010,Lindsey Frank,greenjodi@example.org,2025-01-24,29,East Sara
CUST_00011,Caitlyn Anderson,jacksonryan@example.org,2024-11-29,30,Vasquezview
CUST_00012,Fernando Thompson,rachelphelps@example.com,2024-10-19,45,Williamston
CUST_00013,Ms. Darlene Taylor DDS,shelly33@example.net,2024-08-16,39,South Kathy
CUST_00014,Mark Ortega,leemartinez@example.com,2025-05-02,31,Arellanomouth
CUST_00015,Tammy Martin,hineslaura@example.net,2025-06-15,30,New Jeremyshire
CUST_00016,Kathleen Mcclure,vali@example.com,2025-06-02,49,Mcdonaldside
CUST_00017,Joshua Jones,kellyadams@example.net,2024-05-15,25,East Noah
CUST_00018,Beverly Young,gina37@example.net,2024-11-02,36,Kathryntown
CUST_00019,Alexandra Obrien,myerseric@example.com,2025-06-27,35,New Craig
CUST_00020,Bianca Mills,hannah03@example.com,2024-06-08,42,South Robert
CUST_00021,Monica Serrano,april27@example.net,2025-02-23,71,Rhondaport
CUST_00022,Nicole Charles,ypacheco@example.net,2025-04-26,52,Crystalberg
CUST_00023,Alicia Johnson,amybrown@example.com,2022-01-12,40,West Thomas
CUST_00024,Christopher Casey,jason43@example.net,2022-12-22,48,West Natalie
CUST_00025,William Rosario,joshualuna@example.com,2025-06-06,25,Port John
CUST_00026,Kenneth Mcintosh,sandersjanice@example.net,2025-03-16,19,Mendezton
CUST_00027,Joshua Bernard,ijohnson@example.org,2023-10-04,21,New Stephanie
CUST_00028,Mike Sanchez,sheltonalyssa@example.com,2024-09-27,27,Hallland
CUST_00029,Douglas Lewis,denise04@example.org,2025-05-15,44,Bateschester
CUST_00030,Brian Robinson,vickiguerrero@example.com,2024-03-20,48,Sotobury
CUST_00031,Ann Schmitt,obrown@example.net,2024-01-18,35,North Jacob
CUST_00032,Brianna Hogan,adixon@example.org,2025-05-26,30,New Joanside
CUST_00033,Alec Andrews,conradaaron@example.net,2023-07-15,19,Tabithaburgh
CUST_00034,Peter Garner,lgonzalez@example.com,2025-06-16,51,Michaelside
CUST_00035,Kristy Holland,weaverscott@example.net,2025-02-24,52,Lake Keithfort
CUST_00036,Elizabeth Gonzalez,ahayes@example.com,2024-07-04,27,South Matthewmouth
CUST_00037,Sara Oconnor,brianna70@example.com,2023-05-05,25,New Andrew
CUST_00038,Charles Sandoval,sonia76@example.org,2024-04-10,37,Gregburgh
CUST_00039,Rebecca Hall,livingstonmandy@example.com,2024-02-03,55,North Davidberg
CUST_00040,Jacob Brock,mariahughes@example.org,2024-11-03,42,Glennshire
CUST_00041,Sean Lopez,steve92@example.net,2024-10-13,33,North Jeffreyville
CUST_00042,Mr. David Barajas,derek85@example.org,2025-05-29,37,Kellyburgh
CUST_00043,Victor Calderon,nathaniel07@example.org,2025-06-28,20,Hodgesfort
CUST_00044,Amber Mann,evanskimberly@example.org,2024-10-23,50,West Michaelbury
CUST_00045,Lori Wolfe,thomashayden@example.com,2023-02-21,31,Eugeneton
CUST_00046,Logan Wood,parkermichael@example.net,2024-02-11,20,Luisshire
CUST_00047,Jerry Massey III,opearson@example.org,2025-04-06,35,Shannonchester
CUST_00048,Melissa Ortiz,ijuarez@example.com,2025-05-06,32,North Derrickhaven
CUST_00049,Gerald Young,bennettmelissa@example.com,2022-11-13,44,Port Taylor
CUST_00050,Jennifer Guzman,jennifer87@example.net,2023-06-22,51,Armstrongbury
CUST_00051,Andrew Simmons,aberg@example.net,2023-11-23,54,West Davidburgh
CUST_00052,Maria Pope,matthew31@example.org,2023-04-05,40,Harrisonberg
CUST_00053,Kelsey Shaw,chad12@example.org,2025-02-20,34,Chadton
CUST_00054,April Fitzgerald,lawsonpaige@example.org,2024-12-18,33,South Bradberg
CUST_00055,Eric Palmer,alexander32@example.org,2023-10-27,18,South Lori
CUST_00056,Dr. Donna Chavez,calebmoon@example.org,2025-04-09,42,Morganmouth
CUST_00057,Lisa Robinson,nicholasmiller@example.net,2025-05-24,43,East Kathleen
CUST_00058,Krystal Shelton,vpark@example.org,2025-02-17,36,South Diana
CUST_00059,Steven Burgess,xbooth@example.com,2024-10-16,26,Lewismouth
CUST_00060,Zachary Dodson,mgarcia@example.org,2022-01-01,54,North Melissa
CUST_00061,Angel Larsen,emily43@example.org,2022-03-30,37,Lake Christopher
CUST_00062,David Carson,alittle@example.org,2025-03-01,18,Debramouth
CUST_00063,Tyler Keller,peterescobar@example.com,2025-03-09,39,Joshuabury
CUST_00064,Charles Jones,rdelacruz@example.net,2024-10-28,32,West Robert
CUST_00065,Summer Hernandez,flawson@example.org,2025-06-20,43,Francesfort
CUST_00066,Shaun Brennan,richard45@example.org,2025-04-01,34,East Brian
CUST_00067,Julia Harvey,janehoward@example.org,2025-05-13,42,West Sheilatown
CUST_00068,Joshua Clark,scottmarshall@example.net,2025-03-30,37,South Nicole
CUST_00069,Hayley Pierce,ehawkins@example.net,2024-05-28,28,North Jillshire
CUST_00070,Brandon Richardson,melindabrown@example.com,2024-03-21,47,Moonfort
CUST_00071,Meghan Cruz,qweaver@example.org,2025-01-23,54,North Robert
CUST_00072,Joseph Weaver,patricia76@example.com,2024-10-02,54,Goodwinstad
CUST_00073,Jo Soto,marciathompson@example.org,2025-06-05,32,East Susanland
CUST_00074,Robert Peters,awilson@example.org,2025-04-25,49,Wellsview
CUST_00075,Amanda Jenkins,lori29@example.net,2025-06-24,58,Holtton
CUST_00076,Angela Cox,kevinwilliams@example.org,2025-07-03,48,Lake Denise
CUST_00077,David Johnson,christophersmith@example.net,2024-10-21,45,East Joshuafort
CUST_00078,Megan Lowe,barberkrystal@example.net,2025-05-01,23,New Patrick
CUST_00079,Michael Trujillo,phorne@example.net,2024-05-07,45,Stephaniestad
CUST_00080,James Carlson,mzhang@example.org,2025-05-17,36,New Donald
CUST_00081,Christopher Campbell,dshelton@example.net,2025-02-07,33,Zunigatown
CUST_00082,Ralph Morales,sawyerallison@example.net,2024-06-11,44,Mcknightfort
CUST_00083,Dorothy Johnson,andersonstephen@example.com,2023-10-28,54,North Michaelhaven
CUST_00084,Angie Gentry,parkerstacy@example.net,2025-03-30,68,Mccormicktown
CUST_00085,Joshua Myers,mercedes97@example.com,2025-06-04,20,West Richardland
CUST_00086,Rebecca Long,xmata@example.com,2025-02-03,52,South Ryanport
CUST_00087,Kristin Evans,kayla98@example.net,2024-03-24,45,South Brucehaven
CUST_00088,Tina Smith,joshua59@example.com,2025-06-07,52,East Antoniohaven
CUST_00089,Dustin Jones,lisapatrick@example.org,2025-05-06,40,Johnstonchester
CUST_00090,Patricia Richard,thompsonsavannah@example.com,2025-07-06,48,New Brianside
CUST_00091,Gabriela Whitehead,daniel71@example.org,2025-05-31,40,West Jaredburgh
CUST_00092,Nichole Jackson,antonio27@example.org,2024-05-06,23,Lake Kimberlyport
CUST_00093,Edwin Fletcher,mhogan@example.org,2024-06-19,46,North Raymond
CUST_00094,Anthony Thomas,frederickhayes@example.com,2025-04-02,26,West Terrichester
CUST_00095,Ian Mitchell,mcclainteresa@example.net,2025-02-16,47,Marystad
CUST_00096,Adrienne Taylor,kylehicks@example.com,2023-08-19,53,Lake Ernest
CUST_00097,Joseph Gardner,wrightshelly@example.com,2024-06-13,27,Cohenberg
CUST_00098,Randall Sloan,tannerbrittany@example.net,2025-01-23,39,Lake Kristopherstad
CUST_00099,Francisco Brown,kennedyjohn@example.net,2025-03-19,48,Andrewton
CUST_00100,Craig Walsh,jamesswanson@example.com,2024-07-10,35,Port Amy
CUST_00101,Geoffrey Patel,jameswheeler@example.org,2023-12-09,70,New Brandon
CUST_00102,Cody West,thompsonrose@example.org,2024-11-04,39,North Christinaview
CUST_00103,Carl Brandt,michael76@example.org,2025-04-21,26,New Jean
CUST_00104,Crystal Ellis,towen@example.com,2025-07-01,49,South Paulbury
CUST_00105,David Johnson,stacywalter@example.org,2024-06-26,36,Burchshire
CUST_00106,Nicole Carr,savannahblankenship@example.com,2022-02-14,46,Danielfurt
CUST_00107,Michael Brown,petersonjacob@example.com,2022-03-18,32,Port Toddfurt
CUST_00108,Beth Mata,tristan39@example.org,2025-01-13,47,Ashleyburgh
CUST_00109,Sandra Williamson,katherineavila@example.org,2023-08-14,26,New Melissa
CUST_00110,Angela Johnson,mtran@example.com,2024-09-15,31,North Jesse
CUST_00111,Kyle Powers,jeffersonkimberly@example.net,2022-10-09,45,East Kevinfurt
CUST_00112,Omar Barnes,kimberlyjones@example.org,2025-06-02,59,Lake Paulfurt
CUST_00113,Ellen Arroyo,andersonjohn@example.com,2024-07-26,50,Katherineburgh
CUST_00114,Fernando Cohen,joannabowen@example.org,2024-03-04,38,North Justinshire
CUST_00115,Jennifer Parks,gjoseph@example.net,2024-04-30,26,Walkerberg
CUST_00116,Diana Benson,gonzalezlaura@example.net,2025-03-05,54,North Lindsayfurt
CUST_00117,Carolyn Padilla,tara40@example.com,2023-11-13,41,West Gregory
CUST_00118,Manuel Long,ahicks@example.org,2023-01-29,41,East Todd
CUST_00119,Melody Perez,morriskaren@example.org,2024-10-21,55,Annestad
CUST_00120,Nicholas Peters,duanemoon@example.org,2024-06-21,38,New Reginaview
CUST_00121,Emma Jordan,iwilliams@example.net,2024-04-24,40,East Kristinside
CUST_00122,Matthew Huffman,cmckinney@example.org,2025-02-09,40,Suemouth
CUST_00123,Donna Hunt,rwells@example.com,2025-01-19,39,North Nicholasville
CUST_00124,Anthony Solis,kimberly27@example.org,2025-06-26,27,Lake Morganfurt
CUST_00125,Steven Lang,weberdavid@example.com,2024-11-23,18,New Craigfort
CUST_00126,John Rollins,brian07@example.net,2024-08-17,42,East Shawnport
CUST_00127,John Osborne,misty47@example.net,2025-06-28,27,Letown
CUST_00128,Frank Williams,sturner@example.org,2024-10-13,33,Port Amyton
CUST_00129,Nicholas Cohen,george44@example.com,2024-01-20,44,Jordanhaven
CUST_00130,Darren Coffey,ymitchell@example.org,2025-06-07,22,Hallport
CUST_00131,Lori Johnston,andersonsteven@example.com,2025-06-20,66,Nicholasport
CUST_00132,Julia Thompson,lutznicholas@example.org,2024-07-04,60,South Allisonberg
CUST_00133,Megan Ortiz,alyssaharris@example.net,2024-03-24,38,Johnsonberg
CUST_00134,Gary Holmes,karen31@example.com,2025-02-17,43,Darrylshire
CUST_00135,Joseph Williams,msantiago@example.org,2023-12-09,32,Lake Michaelhaven
CUST_00136,Cory Beck,andres38@example.org,2025-06-10,18,Michaelview
CUST_00137,James Jackson,wwilliams@example.org,2025-06-30,28,West Johnmouth
CUST_00138,Tina Jones,michelle95@example.org,2025-05-01,57,Bobbyside
CUST_00139,Edward Gates,monica92@example.com,2025-05-08,41,Port Cindyfort
CUST_00140,Justin Ferrell,qmorales@example.com,2024-04-08,18,Barryside
CUST_00141,Diane Martin,psharp@example.org,2024-06-11,42,Torresbury
CUST_00142,Angela Coleman,sgriffin@example.com,2024-07-29,57,Goodwinhaven
CUST_00143,Rebecca Brown,makayla13@example.net,2024-12-23,29,Robinshire
CUST_00144,Ashley Skinner,amy30@example.net,2024-02-08,22,Christineton
CUST_00145,Crystal Lawrence,blakemaria@example.com,2025-07-04,35,Michaelton
CUST_00146,David Turner,frankcrawford@example.com,2025-06-02,60,Kirkfurt
CUST_00147,Stephen Hunt,lindseyware@example.com,2024-11-05,22,Josephport
CUST_00148,Michael Shannon,fosterphillip@example.org,2024-12-14,36,Lake Matthewview
CUST_00149,Aaron Davis,ucherry@example.net,2025-01-05,56,New Paulport
CUST_00150,Sandra Clark,brendabarajas@example.org,2025-06-23,53,South Juanfort
CUST_00151,Brittany Mccullough,amber02@example.net,2025-01-19,38,East Cynthiamouth
CUST_00152,Michael Bell,teresa15@example.com,2023-08-01,66,New Richardfurt
CUST_00153,Scott Waters,gutierrezpatrick@example.com,2024-06-12,35,Millerburgh
CUST_00154,Jacob Gomez,watkinskelly@example.net,2024-08-22,38,Johnstonfort
CUST_00155,Richard Black,maxwellbrian@example.com,2022-09-15,18,Briannaport
CUST_00156,Lisa Gibbs,ellisondenise@example.net,2024-06-28,53,Cherylhaven
CUST_00157,Kathy Jones,joshua70@example.net,2024-11-28,46,West Donald
CUST_00158,Christy Rivera,michael37@example.org,2025-01-12,38,West Rachel
CUST_00159,Charles Miller,kristensanchez@example.net,2022-04-11,32,North Tyler
CUST_00160,Emily Patel,pottsjoseph@example.org,2025-02-19,40,Harrychester
CUST_00161,Joshua Green,edwin21@example.com,2023-08-29,30,Port Vickie
CUST_00162,Mr. Michael Miller,kimberly31@example.com,2024-04-30,33,South Jacobport
CUST_00163,Jill Gill,anthonybennett@example.com,2024-07-13,42,Murrayland
CUST_00164,Linda Bell,andrew51@example.com,2023-11-24,44,South Jacquelinefurt
CUST_00165,Ronnie West,blanchardpeter@example.org,2025-03-11,44,Derekborough
CUST_00166,Timothy Peters,pattonrobert@example.net,2023-11-17,29,Port Travis
CUST_00167,Joanne Ryan,mariagarcia@example.org,2022-01-01,18,South Brianabury
CUST_00168,Carol Diaz,nbarnes@example.net,2024-01-10,23,Juliafort
CUST_00169,Breanna Brown,curtis24@example.net,2025-02-07,56,Kristinafurt
CUST_00170,Todd Obrien,clarketamara@example.net,2024-02-13,32,Richardtown
CUST_00171,Johnny Martin,suttondaniel@example.net,2025-05-31,38,Lake Feliciaview
CUST_00172,Dr. Shane Webster,edwardselizabeth@example.com,2023-10-09,49,West David
CUST_00173,Diane Ortiz,otaylor@example.org,2025-02-19,35,West April
CUST_00174,David Roman,sean40@example.net,2025-07-06,48,Johnside
CUST_00175,Elizabeth Sparks,lauracombs@example.com,2023-03-02,34,New Theresachester
CUST_00176,Christopher Strickland,holtcorey@example.com,2022-07-12,30,New Ian
CUST_00177,Cynthia Schneider,amanda51@example.net,2022-07-08,60,South Rebecca
CUST_00178,Monica Scott,emilyreed@example.com,2024-12-04,50,Gabrielleberg
CUST_00179,Meredith Perkins,patrickfletcher@example.org,2025-03-05,52,East Nicholas
CUST_00180,Stephanie Perez,karen01@example.net,2024-02-16,23,Reyeschester
CUST_00181,Frank Carter,nicholasburgess@example.org,2023-12-15,29,Port Cynthiaborough
CUST_00182,Daniel Merritt,richardelliott@example.com,2024-09-21,37,Port Kyle
CUST_00183,David Butler,sdiaz@example.com,2024-12-09,34,Lake Glennside
CUST_00184,Amanda Shepherd,carrie81@example.org,2025-05-25,47,Tonyamouth
CUST_00185,Paul Ross,klucas@example.net,2025-05-14,45,Lonnieside
CUST_00186,George Wu,melissa35@example.org,2025-06-01,54,Sydneyfurt
CUST_00187,Joshua Grant,gambleelizabeth@example.org,2025-06-07,32,Woodmouth
CUST_00188,Joseph Thomas,jwest@example.net,2023-10-19,40,West Sean
CUST_00189,Ryan Smith,zfischer@example.net,2024-04-18,51,Adamhaven
CUST_00190,Pamela Vargas,cassandra55@example.org,2022-08-01,32,Marcusstad
CUST_00191,April Calderon,zmarshall@example.org,2022-01-01,30,Catherineborough
CUST_00192,Erin Cooper,danielsimpson@example.com,2025-06-08,54,Sandersland
CUST_00193,Lisa Massey,shawkins@example.net,2024-01-09,18,Jenniferfort
CUST_00194,Jessica Clarke,obrock@example.org,2023-02-26,56,Port Nathanview
CUST_00195,Linda Chapman,vhunt@example.com,2025-05-27,34,Lake Randallfort
CUST_00196,Maria Schmidt,baldwinmichael@example.net,2024-11-21,37,Jonathanberg
CUST_00197,Amanda Bailey,deborahliu@example.net,2025-06-18,53,Brownburgh
CUST_00198,Marissa Sanchez,smithashley@example.net,2024-08-24,47,North Johnside
CUST_00199,Kristin Phillips,hoovereric@example.com,2022-04-01,20,North Frankmouth
CUST_00200,Morgan Pugh,michelesexton@example.com,2023-06-30,27,South Vincenthaven
CUST_00201,Adam Kelly,stephenwallace@example.net,2025-04-08,38,New Derek
CUST_00202,Joel Wyatt,howardnatalie@example.com,2022-01-01,49,New Whitney
CUST_00203,Matthew Reed,mccormickyolanda@example.org,2025-06-12,43,Lake Heatherborough
CUST_00204,Joshua White,brian63@example.org,2024-10-12,38,Floresmouth
CUST_00205,Keith Dickson,tblanchard@example.com,2024-07-12,32,New Joshuamouth
CUST_00206,Samantha Brown,staylor@example.org,2024-07-14,60,Gileston
CUST_00207,William Jones,jeffery58@example.com,2024-08-23,36,Wattsland
CUST_00208,Christina Ward,jedwards@example.com,2024-07-21,49,South Brittneystad
CUST_00209,Michael Barrett,penny43@example.com,2025-03-13,36,Leblancton
CUST_00210,Justin Yu,martinezkathleen@example.com,2025-01-31,21,West Geoffreytown
CUST_00211,Katelyn Berry,kimpatterson@example.com,2024-08-24,18,Chelseahaven
CUST_00212,Robert Moody,christopher23@example.com,2023-11-04,42,Lake Maria
CUST_00213,Gordon Lopez,jacobdavis@example.org,2024-05-14,46,East Karen
CUST_00214,Matthew Roberts III,william68@example.org,2024-12-24,55,South Jasonside
CUST_00215,Jill Adams,connieterry@example.org,2022-10-28,37,Clarkhaven
CUST_00216,Elizabeth Tucker,barneskatelyn@example.org,2023-11-10,34,Tonyafurt
CUST_00217,Benjamin Chen,kaylastanton@example.com,2022-01-01,41,Marshallport
CUST_00218,Justin Anderson,anne81@example.net,2025-01-15,24,Greenhaven
CUST_00219,Bobby Mercado,jamie06@example.com,2022-01-08,41,North Lauren
CUST_00220,Kevin Flynn,charlessimmons@example.net,2024-11-21,41,North Christophermouth
CUST_00221,Caleb Stevens,wdodson@example.com,2024-12-26,36,Chadberg
CUST_00222,Ashley Marquez,ycombs@example.org,2023-07-10,37,Claytonmouth
CUST_00223,Louis Lopez,dukeerica@example.org,2023-11-06,56,Williamland
CUST_00224,Michelle Davis,williamsdarin@example.org,2022-08-17,41,Claudiaview
CUST_00225,Diana Hart,pvalenzuela@example.com,2023-08-18,34,Vasquezborough
CUST_00226,Sarah Sanchez,nathan30@example.com,2025-05-20,18,North Victoria
CUST_00227,Joel Kennedy,mitchellpowers@example.org,2022-06-11,21,Berrytown
CUST_00228,Emma Hensley,hevans@example.org,2024-05-29,44,West Rachelhaven
CUST_00229,Jenna Perry,williamskatherine@example.org,2024-07-23,28,West Breanna
CUST_00230,Kristine Soto,emilycole@example.com,2024-05-29,34,East Jamie
CUST_00231,Dr. Christopher Mcgee,marc06@example.org,2024-10-14,39,Olsenstad
CUST_00232,Eric Hernandez,elizabethwilcox@example.net,2023-08-12,56,Robertstad
CUST_00233,Andrew Taylor,davidgriffin@example.org,2024-09-19,50,Pittsview
CUST_00234,Luke Dodson,waltonrobert@example.org,2025-01-02,39,Colemanbury
CUST_00235,Danny Johnson,zhenson@example.net,2025-05-18,55,Lake Robert
CUST_00236,Danielle Guerrero,ysmith@example.net,2025-04-13,48,Ortegastad
CUST_00237,James Williams,karenortiz@example.net,2025-05-17,18,Karenburgh
CUST_00238,Michelle Graves,jruiz@example.net,2024-12-12,55,Hernandezberg
CUST_00239,Rodney Russo,danielsjohn@example.net,2023-03-07,40,Stephenburgh
CUST_00240,Lindsey Becker,amanda14@example.com,2023-12-29,18,Hahnton
CUST_00241,Thomas Herring,brownmichael@example.net,2025-01-06,49,Hannahside
CUST_00242,Cathy Richardson,christophercampbell@example.org,2022-07-16,41,Batesshire
CUST_00243,Janice Rodriguez,wilsonlauren@example.org,2025-05-12,37,Lake Theresa
CUST_00244,Gilbert Hall,derrickclark@example.com,2025-03-22,47,Briggstown
CUST_00245,Adam Garcia,lsmith@example.org,2024-11-27,37,Meghanport
CUST_00246,Alan Williams,sheryl46@example.org,2025-02-14,42,Rollinshaven
CUST_00247,Monica Leon,gregory40@example.com,2024-07-08,36,Port Markville
CUST_00248,Dalton Adams,brandonanderson@example.com,2025-05-20,37,East Robertstad
CUST_00249,Charlene Weaver,mullinscarl@example.com,2025-05-20,24,South Ashleymouth
CUST_00250,Stuart Lee,michaellane@example.net,2025-02-05,43,Lake Travis
CUST_00251,James Warren,croberts@example.com,2023-04-03,62,West Sarahberg
CUST_00252,Harold White,yjohnson@example.net,2025-05-01,34,West Alexandraborough
CUST_00253,Elizabeth Hughes,wrightcourtney@example.org,2025-04-23,28,New Robertstad
CUST_00254,Grace Bailey,gmoran@example.com,2025-06-06,31,Garzaside
CUST_00255,Jennifer Miller,charles11@example.net,2025-05-24,20,South Amy
CUST_00256,Jennifer Cole,ebuchanan@example.org,2025-01-25,35,South Cathyville
CUST_00257,Thomas Garza,meaganwallace@example.net,2024-10-27,36,New Lisafort
CUST_00258,Pamela Bolton,martinezdavid@example.net,2023-12-01,38,West Luke
CUST_00259,Lisa Jennings,lovekelly@example.com,2024-07-14,48,South Katherineport
CUST_00260,Dylan Hines,aevans@example.org,2024-02-22,30,East Marktown
CUST_00261,Jeremiah Beltran,fergusonrebecca@example.com,2025-04-26,31,Katrinastad
CUST_00262,Hannah Bennett,rebeccadominguez@example.net,2024-11-10,23,Fordfurt
CUST_00263,Eric Smith,calvinbauer@example.com,2024-07-23,30,North Michaelstad
CUST_00264,Paul Watkins,hartjeffrey@example.com,2024-02-23,18,Kimberlymouth
CUST_00265,Melissa Diaz,bmiller@example.com,2025-06-26,48,Johnberg
CUST_00266,Brooke Wilson,robert21@example.com,2023-04-08,26,Jeremyfort
CUST_00267,Robert Hill,tanya29@example.com,2024-10-21,26,Lake Rebeccaport
CUST_00268,Patrick Vasquez,joe95@example.com,2024-12-05,38,Ariasborough
CUST_00269,Judith Clark,holmesvalerie@example.org,2024-10-05,28,Davisburgh
CUST_00270,Ronald Gray,testrada@example.com,2025-01-18,27,Lake April
CUST_00271,Aaron Walker,davidholmes@example.net,2025-07-02,25,Greenborough
CUST_00272,Theresa Ramirez,zkline@example.org,2025-02-15,30,New Emily
CUST_00273,Colton Richmond,fernandezamanda@example.org,2025-05-24,40,New Lisa
CUST_00274,Elizabeth Davis,rodneymorales@example.org,2024-05-21,48,Cruzberg
CUST_00275,Stephanie Barnes,eramos@example.org,2023-12-19,27,Lake Tammy
CUST_00276,Alexa Hubbard,dmorrison@example.com,2024-10-01,37,Port Michael
CUST_00277,Jonathan Martin,jose90@example.org,2024-08-21,32,Jessicafurt
CUST_00278,Donna Allen,qanderson@example.org,2025-05-21,56,North Thomashaven
CUST_00279,Cameron Hunter,lmarshall@example.com,2025-03-10,54,Masonfurt
CUST_00280,Shawn Meyer,davidclark@example.org,2024-09-04,22,Carlaton
CUST_00281,Jasmine King,jeremy07@example.org,2025-01-30,38,Penningtonstad
CUST_00282,Mackenzie Baird,timothyhorne@example.net,2025-04-02,39,Sarahshire
CUST_00283,Sonya Austin,phillipspaul@example.net,2025-05-31,32,East Amber
CUST_00284,Jason Hubbard,coleerika@example.net,2025-05-07,30,East Gail
CUST_00285,Elizabeth Lawson,longlisa@example.net,2025-04-25,28,Frazierberg
CUST_00286,Gregory Harrell,keith75@example.org,2023-04-03,31,Johnport
CUST_00287,Kendra Anderson,lstark@example.org,2025-06-09,18,New Kara
CUST_00288,Scott Porter,stevenscott@example.net,2022-01-01,46,West Connie
CUST_00289,Katie Brown,fordbriana@example.com,2025-05-27,42,South Elizabethville
CUST_00290,Anthony Weaver,ihaynes@example.net,2023-07-08,36,East Ashleymouth
CUST_00291,Alan Schmidt,gbryant@example.org,2023-10-28,29,North Jasonfort
CUST_00292,John Carter,sfloyd@example.org,2024-06-01,31,Susanmouth
CUST_00293,Dr. Katrina Sandoval,lawrencevaughan@example.com,2022-11-15,62,New Allisonmouth
CUST_00294,David Padilla,alvarezsherri@example.com,2025-03-12,57,East Tanya
CUST_00295,Marc Garza,poncebarbara@example.net,2024-01-21,31,Campbellland
CUST_00296,Matthew Hernandez,julie71@example.com,2024-12-19,25,Jessicaborough
CUST_00297,Christine Beck,prose@example.org,2024-10-24,32,Lake Jerryton
CUST_00298,Larry Smith,brian52@example.net,2024-07-30,34,Port Nicole
CUST_00299,Edwin Huang,samuelnunez@example.org,2025-03-07,24,North Miguelmouth
CUST_00300,Joseph Alexander,ilucas@example.com,2024-11-12,41,Cherylmouth
CUST_00301,Kevin Thomas,michaelsmith@example.com,2024-10-05,36,Port Aprilshire
CUST_00302,Eugene Reed,andrea05@example.com,2025-05-18,33,East Christophermouth
CUST_00303,Carl Mitchell,russellmartin@example.net,2025-06-16,30,Port Monique
CUST_00304,Tammy Hale,uwhite@example.org,2024-05-18,47,Lake Kevinburgh
CUST_00305,Darlene Lopez,vlucas@example.com,2024-02-04,29,New Samanthaborough
CUST_00306,Stephanie Rhodes,yclark@example.com,2024-12-28,67,Port Nicolestad
CUST_00307,Hannah Smith MD,hernandezjoseph@example.org,2025-02-03,40,South Raven
CUST_00308,Veronica Tucker,michael77@example.org,2025-04-28,39,Edwardschester
CUST_00309,Tara Burke,oreyes@example.org,2025-06-14,43,Smithhaven
CUST_00310,Richard Cohen,hughesryan@example.com,2023-09-05,56,South Monique
CUST_00311,John Warren,vjensen@example.com,2025-05-16,30,Herreratown
CUST_00312,Nathaniel Taylor,dayolivia@example.com,2025-05-05,45,West Daniel
CUST_00313,Daniel Briggs,robin64@example.net,2025-05-05,44,Lake Melissatown
CUST_00314,Anthony Ray,ashleynunez@example.net,2024-10-12,50,Johnsonstad
CUST_00315,Dana Kaiser,martinezamanda@example.com,2025-01-28,34,Reeseberg
CUST_00316,Eugene Jacobs,daniellegarrett@example.com,2023-10-29,49,Steelechester
CUST_00317,Michael Peterson,mpena@example.net,2024-12-10,29,Davisfort
CUST_00318,Amanda Lewis,littledawn@example.com,2025-03-01,18,Port Brittany
CUST_00319,Shelby Mueller,matthewphillips@example.net,2024-02-23,19,Port Jameston
CUST_00320,Brenda Evans,vlloyd@example.org,2023-03-24,38,New Michael
CUST_00321,Matthew Kim,gregoryallen@example.org,2025-01-14,48,West Juanshire
CUST_00322,Chad Barnes,jeffrey58@example.com,2024-07-17,39,Miatown
CUST_00323,Johnny Bond,robert97@example.net,2025-05-25,39,Port Rebecca
CUST_00324,Dale Benson,michaelvargas@example.net,2025-02-11,44,Jermaineborough
CUST_00325,Robert Romero,gstewart@example.net,2025-05-16,44,Melodytown
CUST_00326,Brent Guerrero,fergusonnicholas@example.org,2024-10-04,52,Kristinaport
CUST_00327,Matthew Kelly,brianwagner@example.net,2023-04-13,32,Port Katherine
CUST_00328,Paul Young,cynthia47@example.com,2025-02-23,42,Teresashire
CUST_00329,Amber Jackson,michaelalexander@example.net,2025-03-27,56,Bethborough
CUST_00330,Sandra Collins,sellis@example.com,2023-06-06,42,Angelaport
CUST_00331,Amber Chase,hjennings@example.org,2025-02-07,53,Mcguireborough
CUST_00332,Linda Hernandez,vhumphrey@example.org,2025-05-11,32,Leonborough
CUST_00333,Jesus Hunt,joshua64@example.org,2025-04-05,49,Ericfurt
CUST_00334,Nicole Reyes,ernestprince@example.org,2024-06-30,49,West Jerry
CUST_00335,Gary Gomez,christopherharris@example.net,2024-05-03,18,Richardsonberg
CUST_00336,Chris Murphy,qcole@example.net,2025-02-05,41,New David
CUST_00337,Megan Miles,sandovalolivia@example.net,2025-04-27,40,South Douglasborough
CUST_00338,Dorothy Goodwin,wileymary@example.com,2025-01-04,48,Brianhaven
CUST_00339,Catherine Smith,robertguerrero@example.org,2024-11-25,40,Davisborough
CUST_00340,Henry Hayes,bellgary@example.org,2024-07-29,69,Jenniferchester
CUST_00341,Brittany Good,dreeves@example.net,2025-07-03,59,Cynthiatown
CUST_00342,Shawna Lawrence,oaguilar@example.org,2022-12-19,45,Lake Jeffery
CUST_00343,Elizabeth Morgan,kennedylauren@example.net,2024-04-17,41,Taraberg
CUST_00344,Robert Smith,samanthapierce@example.com,2024-08-03,24,West Steve
CUST_00345,Audrey Torres,miranda30@example.net,2024-12-20,40,Boothfort
CUST_00346,Steven King,dbrown@example.net,2022-12-04,39,Lake Christopher
CUST_00347,Kristina Johnson,katherineaguirre@example.org,2024-12-03,68,Kennethview
CUST_00348,Walter Williams,rodriguezmark@example.com,2025-01-05,44,Joshuaberg
CUST_00349,Amanda Gill,benjamin32@example.net,2025-06-19,50,West Todd
CUST_00350,Nichole Powers,tstephens@example.net,2025-07-08,31,New Laurenfurt
CUST_00351,Julie Burgess,nicolegreen@example.net,2025-02-11,48,Whitefort
CUST_00352,Steven Erickson,david11@example.com,2022-12-31,18,Lake Charles
CUST_00353,Ronnie Velasquez,james45@example.org,2025-02-04,53,Courtneyberg
CUST_00354,George Fleming,zcummings@example.org,2024-12-02,28,South Brendaland
CUST_00355,Brent Watson,amandaduncan@example.net,2025-04-08,24,North Karenland
CUST_00356,Sandy Brown,courtney46@example.org,2025-04-30,36,Lake Dianeville
CUST_00357,David Norris,xvance@example.com,2024-10-31,47,Lake Ronaldhaven
CUST_00358,Barbara Johnson,stephanie42@example.com,2025-01-26,36,Youngfurt
CUST_00359,Gail Cross,williamhebert@example.net,2024-08-26,25,West Mary
CUST_00360,Roy Pruitt,cassandrabaker@example.com,2022-04-12,44,Edwardville
CUST_00361,Sean Bruce,taragraves@example.net,2025-05-12,28,Reyestown
CUST_00362,Kelly Morse,hartmantammy@example.net,2022-01-01,36,West Jacobshire
CUST_00363,Luis Walker,justin56@example.com,2024-10-28,29,Morganfurt
CUST_00364,Kevin Burch,crystal81@example.net,2024-02-20,39,Atkinsville
CUST_00365,Julia Brooks,christopherjensen@example.net,2025-04-15,36,Victoriastad
CUST_00366,Michael Smith,david52@example.org,2025-04-23,39,Brownshire
CUST_00367,Bailey Cole,justindavis@example.net,2025-06-26,68,West Jacquelineland
CUST_00368,Andrea Jones,pwright@example.org,2025-06-15,24,Kevinton
CUST_00369,Michael Scott,theresajohnson@example.com,2024-01-11,54,Victoriaport
CUST_00370,Shane Avery,kevin98@example.net,2024-12-09,18,South Alexandrachester
CUST_00371,Stephen Hernandez,scottdominique@example.net,2025-01-04,23,New Joymouth
CUST_00372,Amber Perez,isandoval@example.com,2025-04-27,40,North Robert
CUST_00373,Sarah Bowers,sanchezray@example.com,2023-07-18,36,Reginahaven
CUST_00374,Anthony Smith,lnelson@example.net,2025-03-16,44,Patrickburgh
CUST_00375,Cassandra Ferguson,rebekah99@example.com,2024-06-28,33,Josephton
CUST_00376,Travis Buck,lawsoncrystal@example.net,2025-05-09,37,Morenoview
CUST_00377,Andrew Gillespie,ghunt@example.org,2024-04-06,36,Coleton
CUST_00378,Samantha Banks,nancy91@example.com,2025-04-09,38,Kylefort
CUST_00379,Ruben Mullins,frankshort@example.net,2025-04-05,39,East James
CUST_00380,Jonathan Sullivan,ssanchez@example.com,2025-04-29,36,Bettymouth
CUST_00381,Lori Salazar,michael93@example.org,2024-06-18,33,Snyderberg
CUST_00382,Phillip Yates,ericahall@example.org,2025-03-30,35,South Juliehaven
CUST_00383,Thomas Rodriguez,taylormartha@example.net,2024-03-29,40,Wilsonmouth
CUST_00384,Jessica Woods,zcurtis@example.com,2025-01-06,41,Theresaburgh
CUST_00385,Daniel Butler,clairepham@example.org,2024-06-02,30,Holmesmouth
CUST_00386,Sharon Gregory,dominguezjonathon@example.com,2023-04-04,26,Smithmouth
CUST_00387,Rebecca Erickson,justin78@example.org,2025-07-05,18,Lake Amystad
CUST_00388,Norman Jones,jtaylor@example.net,2023-04-17,59,New Robert
CUST_00389,Melissa Morgan,nicholas34@example.org,2023-10-28,23,West Jeremy
CUST_00390,Chad Moore,mcdowellanna@example.org,2025-01-16,28,Grimesberg
CUST_00391,Michael Benitez,jennifer77@example.org,2024-08-18,47,North Tyler
CUST_00392,Brandon Edwards,smithamanda@example.net,2024-12-29,21,Mackfurt
CUST_00393,Michael Elliott,beckmelissa@example.org,2024-09-19,18,New Matthew
CUST_00394,Patrick Callahan,mphillips@example.org,2022-07-23,31,South Curtis
CUST_00395,Angela Clark,kingkimberly@example.org,2024-01-30,49,West Jeromebury
CUST_00396,Linda Day,kennedybethany@example.com,2023-11-30,37,Kellyfurt
CUST_00397,Daniel Johnson,dgolden@example.net,2024-12-19,63,Ericstad
CUST_00398,Deborah Salinas,mcook@example.org,2025-03-23,46,Saraport
CUST_00399,Ian Mcdonald,karawhitney@example.net,2025-05-16,22,Brownside
CUST_00400,Ryan Erickson,sarah04@example.com,2025-03-15,39,Perkinston
CUST_00401,Rebecca Mitchell,mthompson@example.net,2025-07-03,18,East Kevin
CUST_00402,Crystal Adams,norman08@example.net,2024-09-18,44,North Joemouth
CUST_00403,Amanda Lewis,jessicanielsen@example.net,2024-06-20,32,North Patricia
CUST_00404,Michael Ford,frichardson@example.com,2025-07-05,44,Lake Danielle
CUST_00405,Timothy Fernandez,pateladam@example.org,2025-05-17,57,East Kathyburgh
CUST_00406,William Mason,jamespowers@example.org,2024-06-05,56,East Timothy
CUST_00407,Kristy Herrera,gouldlisa@example.com,2025-04-30,36,Lake Rachelchester
CUST_00408,Patrick Lopez,raymond10@example.com,2025-01-14,47,Stevenview
CUST_00409,Joanne Hoffman,emily66@example.com,2024-10-15,33,Port Lisa
CUST_00410,Dr. John Moore,taylorjames@example.org,2024-08-06,40,Port Timothy
CUST_00411,Alisha Lam,qfoster@example.org,2025-03-29,19,New Paul
CUST_00412,Emily Martinez,mcdonaldpatrick@example.net,2025-01-30,28,Bradleyton
CUST_00413,Amanda Davis,jameshoward@example.com,2024-04-02,44,Virginiaberg
CUST_00414,Kerry Kelly,nchavez@example.org,2024-11-16,18,Phillipsbury
CUST_00415,Christopher Glenn,calvinbrown@example.com,2024-06-07,39,New Josephbury
CUST_00416,Courtney Davis,wernerbrandon@example.org,2025-04-12,40,West Sandra
CUST_00417,Mariah Perry,nmartin@example.com,2025-06-28,45,Robertside
CUST_00418,Amy Huynh,christopherjefferson@example.com,2025-06-20,19,Deniseburgh
CUST_00419,Madison Hernandez,tina09@example.net,2024-11-01,18,Port Jennifer
CUST_00420,Jessica Hunt,heathermoran@example.com,2024-01-19,49,South Davidfort
CUST_00421,Sarah Walters,jholland@example.com,2025-05-29,40,Lake Jennifer
CUST_00422,Elizabeth Anderson,vwalker@example.com,2024-11-02,33,Victorland
CUST_00423,Samantha Berry,williamsingleton@example.net,2024-05-10,19,West Williamland
CUST_00424,Stephen Sexton,jonescourtney@example.net,2023-10-24,33,Benjaminbury
CUST_00425,April Brown,amanda47@example.net,2023-12-01,24,South Tylerbury
CUST_00426,Steven Green,gabrielle80@example.org,2024-08-18,49,New Heidi
CUST_00427,Ellen Peterson,whitemelissa@example.com,2025-01-27,22,West Michael
CUST_00428,Michelle Jordan,christinecarter@example.com,2024-09-28,35,Dwaynebury
CUST_00429,Jaime Brown,xcrawford@example.org,2023-06-17,47,Port Maria
CUST_00430,Kelly Gonzalez,thomasbrad@example.com,2024-06-12,45,Stevenhaven
CUST_00431,Robert Barr,palmermichelle@example.net,2024-05-05,32,Port Victoriatown
CUST_00432,Julie Allen,kimberly46@example.com,2024-11-06,45,Port Tommy
CUST_00433,Tony Ward,samuel52@example.net,2025-04-09,47,South Jamietown
CUST_00434,Michael Brown,parkermegan@example.com,2025-06-27,39,Port Crystal
CUST_00435,Amanda Greer,sierra30@example.org,2024-04-29,43,Charlesshire
CUST_00436,Nina Adams,chad00@example.org,2022-01-01,35,Martinburgh
CUST_00437,Sophia Howard,christian70@example.com,2022-08-21,51,New Nicoletown
CUST_00438,Michelle King,shawnshort@example.org,2023-08-30,37,South Mark
CUST_00439,Mark Hunter,gschwartz@example.com,2025-02-19,21,North Ralph
CUST_00440,Kurt Bolton,kpowell@example.com,2025-05-24,44,Lake Tina
CUST_00441,Sean Barber,sophiacollins@example.com,2025-06-10,25,Sarahside
CUST_00442,Robert Blackwell,roberthicks@example.net,2024-03-26,53,Sheenamouth
CUST_00443,Lorraine Ward,sarah81@example.org,2025-06-15,42,North Anthonyton
CUST_00444,David Mason IV,ztaylor@example.com,2023-12-17,18,Lake Johnside
CUST_00445,Michael Short,huffmegan@example.net,2025-02-19,48,Michaelton
CUST_00446,Katherine Santiago,mejiajordan@example.org,2024-07-25,41,New Danielport
CUST_00447,Randy Rodriguez,regina09@example.net,2025-04-04,46,South Brenda
CUST_00448,Jessica Herrera,michelle49@example.com,2023-12-02,38,Andrewbury
CUST_00449,Justin Hodge,galvarez@example.org,2022-01-01,52,New Joseph
CUST_00450,Kristin Robles,michael21@example.com,2025-01-03,29,Cochranbury
CUST_00451,Anthony Montoya,moralesdavid@example.com,2024-11-13,49,Katelynhaven
CUST_00452,Kelly Mitchell,tannerjohn@example.com,2022-01-01,41,South Ambertown
CUST_00453,Michael Marshall MD,kathryn04@example.net,2024-01-23,18,Port Shaun
CUST_00454,Ms. Emily Jordan DVM,nicholassmith@example.com,2024-03-08,18,Mooreshire
CUST_00455,Jonathan Brown,daniel22@example.net,2025-04-01,34,Woodsshire
CUST_00456,Taylor Bell DDS,emily72@example.org,2025-03-08,28,Wilsonmouth
CUST_00457,Dalton Yoder,fieldsmikayla@example.net,2025-03-03,18,North Dorothy
CUST_00458,Nicole Nichols,chad34@example.com,2024-05-20,23,Hallberg
CUST_00459,Cynthia Norris,sean99@example.org,2025-04-11,36,Port Ronnie
CUST_00460,Yvonne Mckee,frank56@example.net,2023-05-30,28,Lambertburgh
CUST_00461,Edward Fleming,hopkinsdavid@example.net,2022-08-18,65,West Nicholasberg
CUST_00462,Katherine Marshall,ujarvis@example.net,2025-05-04,30,Port Jasmine
CUST_00463,Melissa Silva,ihughes@example.org,2022-01-01,52,Scotttown
CUST_00464,Steven Cardenas,vfritz@example.org,2024-10-20,57,Jamesfort
CUST_00465,Ronald Ochoa,irodriguez@example.org,2025-04-05,31,East Austintown
CUST_00466,Carolyn Potts,stephanie94@example.com,2025-04-25,30,East Matthew
CUST_00467,Richard Smith,olong@example.com,2024-01-05,32,Rebeccashire
CUST_00468,Vanessa Hutchinson,xhenderson@example.org,2022-01-17,35,New Darrylborough
CUST_00469,Lynn Parker,erica65@example.org,2023-05-16,33,South Michaelview
CUST_00470,Rose Hawkins,eduardocoleman@example.com,2024-02-07,23,Williamsshire
CUST_00471,Paula Rivera,christineholloway@example.org,2024-05-01,42,Nathanieltown
CUST_00472,Jason Freeman,karen37@example.org,2025-04-08,33,Port Tiffanyside
CUST_00473,Paige Parsons,kmorales@example.net,2025-04-08,66,Vanceside
CUST_00474,Michael Walls,andrew63@example.org,2024-08-27,49,North Carrie
CUST_00475,Benjamin Schmidt,slewis@example.org,2025-06-04,33,Newmanland
CUST_00476,Eric Torres,amberwright@example.net,2025-05-20,45,North Ronaldview
CUST_00477,Lisa Franklin,ssalas@example.com,2023-04-30,44,New Claudia
CUST_00478,Mary Watkins,michellegarner@example.net,2024-09-20,51,Nicholasport
CUST_00479,Misty Fernandez,aflynn@example.net,2025-06-06,18,Matthewhaven
CUST_00480,Michelle Brown,cunninghammercedes@example.com,2025-03-22,22,East Sandraside
CUST_00481,Rebecca Carroll,gregg56@example.net,2024-03-27,27,Monicaside
CUST_00482,Lauren Sanders,jenningsalicia@example.org,2025-04-10,37,Port Kevinside
CUST_00483,Tara Knapp,beth00@example.com,2024-05-16,18,Weberview
CUST_00484,Andrea Miller,lhart@example.org,2024-08-16,27,South Jonathan
CUST_00485,Mrs. Barbara Rodgers,sarah53@example.net,2023-10-13,53,Lake Nicholasbury
CUST_00486,Travis Sullivan,rachaelmunoz@example.org,2024-09-08,24,Camposmouth
CUST_00487,Mercedes Black,liudiane@example.net,2025-03-18,40,Vasquezfort
CUST_00488,Nathan Travis,burtonmary@example.net,2024-06-12,41,Port Timothystad
CUST_00489,Noah Silva,katie00@example.com,2023-08-16,42,Grantborough
CUST_00490,Craig Washington,meganmaldonado@example.com,2023-09-16,46,Lisastad
CUST_00491,Dominique Allen,mark99@example.org,2024-04-29,50,Harveyside
CUST_00492,Ashley Riggs,rosebaird@example.net,2024-02-16,56,Donnaburgh
CUST_00493,Marc Caldwell,edward93@example.org,2025-05-07,33,Edwardchester
CUST_00494,Joshua Carter,adam35@example.net,2024-02-29,27,Campbellton
CUST_00495,David Lucas,kevinandrews@example.org,2025-05-07,43,Pearsonchester
CUST_00496,Miranda Brooks,uross@example.com,2024-10-24,42,Derekbury
CUST_00497,Christopher Washington,hatfieldmelanie@example.net,2025-07-07,47,North Susanshire
CUST_00498,Christina Patterson,kelly79@example.net,2022-01-01,20,Hartchester
CUST_00499,Nichole Scott,crystalnguyen@example.com,2024-07-10,47,Evansburgh
CUST_00500,Jennifer Davis,vincent77@example.org,2024-09-29,21,Port Jessicaton
CUST_00501,Kaitlin Hansen,christinaholden@example.org,2024-01-04,41,Mooreton
CUST_00502,Michael Phillips,michaelmiller@example.net,2024-09-28,33,Jamesshire
CUST_00503,Susan Cobb,joannlowery@example.net,2022-03-24,52,Port Sue
CUST_00504,Mark Baker,diana43@example.com,2022-11-01,20,South Robin
CUST_00505,Kaitlin Baker,catherine25@example.org,2025-05-31,40,East Michellebury
CUST_00506,Jennifer Guzman,lanejennifer@example.net,2025-06-14,42,Barrside
CUST_00507,Jeremy Reeves,brycejohnson@example.net,2025-03-01,33,New Ryan
CUST_00508,David Castro,dcoleman@example.org,2024-08-25,40,Thompsontown
CUST_00509,Tammy Barnett,justinkidd@example.org,2025-02-05,32,Sheltontown
CUST_00510,Jacob Rodriguez DDS,pattonjoseph@example.org,2023-06-21,39,Aaronside
CUST_00511,Alexander Powell,barreradillon@example.net,2022-01-01,42,New Elizabeth
CUST_00512,Diane Mcgee,donovangregory@example.com,2025-06-30,31,Jasonfort
CUST_00513,Jason Green,sarah88@example.com,2025-07-01,36,Nashville
CUST_00514,Abigail Hansen,thomasdavid@example.net,2024-01-19,18,East Erica
CUST_00515,Tracy Meyer,mooreandrew@example.com,2024-05-16,18,Monicaville
CUST_00516,Anne Garcia,caitlinadams@example.com,2022-01-01,33,Wadeberg
CUST_00517,Brittany Campbell,shelleylynch@example.com,2024-12-19,23,Port Megan
CUST_00518,Timothy King,cervantesrobert@example.net,2023-12-09,35,West Christianmouth
CUST_00519,Steven Stewart,william41@example.com,2024-05-04,51,Millerburgh
CUST_00520,Annette Stephens,henry23@example.net,2025-03-15,53,Colemanport
CUST_00521,Karen Stephenson,jillcampbell@example.com,2022-07-06,35,Lake Martin
CUST_00522,Anthony Moore,adamneal@example.net,2022-08-25,24,Johnbury
CUST_00523,Dustin Shelton,michaeldavis@example.net,2024-12-23,23,Arnoldmouth
CUST_00524,Mary Mcintyre,angelicachurch@example.com,2025-03-15,57,Brennanton
CUST_00525,Charles Walters,amanda20@example.net,2022-01-01,48,Charlesview
CUST_00526,Lori Spencer,garciajasmine@example.com,2025-04-05,35,Hansenton
CUST_00527,John Reese,patricia34@example.org,2025-04-13,38,New Bridgetmouth
CUST_00528,Nicole Walker,oconnorkeith@example.net,2025-01-23,35,Williamsburgh
CUST_00529,Richard Guerrero,nicolerusso@example.org,2023-07-11,44,New Francisco
CUST_00530,Barbara Daniels,colebrenda@example.org,2025-04-26,37,Christopherville
CUST_00531,Misty Rodriguez,claudia21@example.net,2023-06-30,46,Lake Patriciashire
CUST_00532,Jane Bell,hicksalvin@example.net,2023-08-30,46,West Davidbury
CUST_00533,Matthew Goodman,zcampbell@example.net,2024-02-03,26,East Ronald
CUST_00534,Sarah Parrish,christopher11@example.net,2025-06-27,41,East Karen
CUST_00535,Michael Bowman,ariana47@example.com,2022-12-27,52,Ronaldport
CUST_00536,Brianna Jacobs,colemanamber@example.org,2024-11-12,43,Margaretburgh
CUST_00537,Antonio Leach,kevinlopez@example.com,2025-05-25,42,South Jamiehaven
CUST_00538,Katrina Perez,todd24@example.org,2024-12-16,28,Stephaniefort
CUST_00539,Steven Douglas,jwhite@example.net,2025-04-19,29,Port Michaelton
CUST_00540,Jacob Christensen,fmartin@example.org,2024-08-25,37,Samanthabury
CUST_00541,James Hendricks,reedbenjamin@example.org,2025-03-17,30,Schmidtborough
CUST_00542,Chase Jones,wilkersonleslie@example.com,2024-11-30,49,North David
CUST_00543,Stephanie Harrison,rogersaustin@example.net,2025-07-05,35,West Steventon
CUST_00544,Larry Morris,josephconway@example.com,2024-11-13,29,New Katiehaven
CUST_00545,Dakota Galloway,smithmichael@example.net,2024-08-09,50,West Dylan
CUST_00546,Stephen Garrett,tmartinez@example.com,2023-07-23,24,East Jerryview
CUST_00547,Kristen White,judy37@example.com,2024-01-04,37,Lukemouth
CUST_00548,Julia White,cmoses@example.com,2025-05-30,31,Davisberg
CUST_00549,Randall Parker,sharonbauer@example.net,2025-03-30,66,Kimberlyhaven
CUST_00550,James Jones,wtaylor@example.org,2024-04-23,37,Shawnbury
CUST_00551,Melissa Turner,hayesconnie@example.org,2024-09-13,27,Port Nancyville
CUST_00552,William Ward,theresaporter@example.org,2025-02-02,38,Port Davidville
CUST_00553,John Cummings,dodsonconnie@example.com,2025-06-27,35,Calvinport
CUST_00554,Shannon Hansen,kjoseph@example.org,2025-05-19,29,North Alexhaven
CUST_00555,Amy Reed,elizabeth59@example.com,2024-09-07,49,Cheryltown
CUST_00556,Jeffery Golden,mlyons@example.org,2025-04-19,45,Andrewhaven
CUST_00557,Alexander Davis,bradfordspencer@example.org,2025-05-04,41,Hestermouth
CUST_00558,Toni Miller,osimmons@example.com,2024-04-18,28,Hornland
CUST_00559,Debbie Smith,adamsdustin@example.net,2025-06-28,59,Lake Jasontown
CUST_00560,Daniel Oneal,kmeyer@example.com,2023-06-23,42,Littleside
CUST_00561,Karen Giles,hwilson@example.org,2024-04-08,31,Hicksview
CUST_00562,Felicia Curtis,efernandez@example.net,2023-11-02,51,Port Rogerland
CUST_00563,Corey Wong,tina14@example.com,2025-06-09,39,North Jamesmouth
CUST_00564,Lori Gray,stephaniemyers@example.com,2023-10-28,49,North Kenneth
CUST_00565,Anne Dorsey,parsonsamy@example.com,2024-12-02,42,West Christopherchester
CUST_00566,Tina Martinez,ibailey@example.com,2024-03-16,64,Daughertyfurt
CUST_00567,Eric Clark,mannbrittany@example.com,2025-06-08,25,West Marissa
CUST_00568,Stephanie Tucker,jaredpratt@example.com,2023-12-18,31,East Cody
CUST_00569,David Rosario,garciajeffrey@example.com,2024-06-12,73,Blackchester
CUST_00570,Jennifer Marshall,frank38@example.net,2024-04-02,36,North Taylorbury
CUST_00571,Louis Harris,latashahenderson@example.com,2025-04-06,24,Lake Danielfort
CUST_00572,Tina Warren,millerkimberly@example.net,2024-05-19,44,Jamesbury
CUST_00573,Michaela Peters,alvarezryan@example.org,2025-06-12,51,Leeshire
CUST_00574,Rachael Torres,danaleach@example.org,2024-03-22,36,Lake Patrick
CUST_00575,Courtney Carey,mitchellstacy@example.com,2024-03-01,18,Jamieton
CUST_00576,Robin Li,travispatrick@example.com,2025-01-21,27,West Nancyfurt
CUST_00577,Christopher Silva,rburgess@example.net,2022-01-01,19,South Robert
CUST_00578,Robert Chavez,jacquelinebarnes@example.net,2024-03-25,62,Matthewbury
CUST_00579,Autumn Fields,hardinjanice@example.org,2024-11-08,18,New Tiffany
CUST_00580,Anthony Harris,steven94@example.com,2024-08-16,31,Lake Edgar
CUST_00581,Cole Hoover,bgonzales@example.net,2023-02-02,44,Lake Cynthiaberg
CUST_00582,Jennifer Robinson,tracy17@example.com,2024-07-10,22,Woodsstad
CUST_00583,Randall Oliver,michaelbowman@example.org,2024-03-14,42,Dianehaven
CUST_00584,Grant Sutton,pedrogonzalez@example.com,2023-02-16,29,Harrisonshire
CUST_00585,Heather Delacruz,garymiller@example.net,2025-04-28,41,Shaunmouth
CUST_00586,Cassandra Williams,garciasara@example.com,2024-11-04,34,Port Peggymouth
CUST_00587,Charles Garcia,harperkeith@example.net,2025-03-28,36,South Allisonmouth
CUST_00588,Joshua Waters,emilythompson@example.org,2024-10-19,50,Noblemouth
CUST_00589,Nicole Jimenez,derekgarcia@example.com,2025-01-28,24,Port Michelle
CUST_00590,Lisa Cardenas,xosborne@example.net,2025-01-09,41,East Ericview
CUST_00591,Janice Buchanan,romanjoseph@example.net,2022-01-14,47,South Joshua
CUST_00592,Sheri Williams,reginablack@example.com,2025-02-16,23,Lake Michael
CUST_00593,Daniel Graham,donaldramsey@example.org,2024-01-15,19,Lake Karen
CUST_00594,Xavier Jones,ngonzalez@example.net,2025-06-12,34,New Cathystad
CUST_00595,Evelyn Russell,meltonalyssa@example.net,2025-05-03,18,Gonzalezside
CUST_00596,Stephen Lewis,limaria@example.net,2023-10-04,41,Johnfurt
CUST_00597,Stacy Wood,smcfarland@example.org,2024-12-16,45,Lake Kathrynfort
CUST_00598,Patrick Barnes,codyfreeman@example.net,2024-04-18,21,Reyesberg
CUST_00599,Lisa Hahn,bryan59@example.net,2025-05-04,48,East Susantown
CUST_00600,Brandon Frazier,hernandezchristopher@example.net,2024-11-17,52,Veronicachester
CUST_00601,Melissa Farmer,fshepherd@example.net,2023-08-31,42,Robertsshire
CUST_00602,Jose Ballard,amyschmidt@example.net,2023-07-01,53,Alishachester
CUST_00603,Steven Armstrong,oparker@example.com,2025-04-16,34,Bowmanhaven
CUST_00604,Joseph Davis,hamiltonstephen@example.org,2025-06-18,31,East Troy
CUST_00605,Donald Williams MD,cassandra84@example.com,2024-10-06,36,Lake Beth
CUST_00606,Cheryl Mckee,nsutton@example.org,2022-10-22,25,Josephview
CUST_00607,Brian Farrell,xmclean@example.com,2025-02-21,30,Shawnbury
CUST_00608,Emily James,nicholas97@example.org,2025-05-12,38,Rodriguezport
CUST_00609,Connor Keller,thomassmith@example.org,2022-01-01,39,Colefort
CUST_00610,Derrick Clark,amy25@example.com,2023-07-02,43,Bennettfurt
CUST_00611,Kevin Contreras,robertrichard@example.com,2024-11-30,18,Colinmouth
CUST_00612,Christy Chen,rmartin@example.com,2024-06-03,73,West Alexandra
CUST_00613,Hannah Jones,johnsonalexandria@example.net,2025-05-16,26,Port Josephstad
CUST_00614,Jose Henry,ptaylor@example.net,2024-05-27,45,Tracystad
CUST_00615,Sarah Wallace,shepardjoseph@example.com,2022-01-08,41,South Debra
CUST_00616,Brandon Hughes,mossrachel@example.com,2024-12-07,30,Port Melindaville
CUST_00617,Timothy Mann,courtneyanderson@example.net,2023-07-01,44,Melindachester
CUST_00618,Nicole Bradshaw,christophercraig@example.com,2023-09-14,26,New Matthew
CUST_00619,Hunter Hunt,kevin26@example.org,2022-08-18,37,South Arthurborough
CUST_00620,Amy Ruiz,thomas81@example.com,2024-07-23,62,North Kathrynborough
CUST_00621,Donald Osborne,jamessilva@example.com,2023-06-29,32,North Laurashire
CUST_00622,Brittney Cox,ylucas@example.net,2022-11-07,38,Lake Brian
CUST_00623,Amber Hubbard,lperez@example.org,2024-05-09,25,Port Frederick
CUST_00624,Victor Rosario,tmills@example.org,2024-06-12,46,Lake Laurabury
CUST_00625,Thomas Ward,williamchoi@example.com,2025-01-08,28,Suttonbury
CUST_00626,Dennis Woods,tlucas@example.org,2024-06-13,41,Rachelstad
CUST_00627,Rodney Barton,bweiss@example.org,2022-01-01,50,Christophermouth
CUST_00628,Dr. Debbie Hester,douglaskayla@example.org,2023-12-31,34,Braunstad
CUST_00629,Patricia Poole,amandagarza@example.org,2024-09-07,44,Alexanderborough
CUST_00630,Tiffany Sanchez,jasonclark@example.com,2025-01-02,42,East Tammyshire
CUST_00631,Billy Smith,taylorgrant@example.org,2025-02-15,50,South Maria
CUST_00632,Leonard Nguyen,thomaskelly@example.com,2024-02-01,44,Lake Vernon
CUST_00633,Amanda Johns,leslie12@example.org,2023-12-04,53,Jonesview
CUST_00634,Nicholas Lopez,paulsmith@example.org,2025-05-24,34,Johnmouth
CUST_00635,Robert Cook,lori60@example.com,2024-09-25,22,Ashleyshire
CUST_00636,Maria Castillo,michele84@example.net,2024-05-02,18,Johnsonberg
CUST_00637,Melissa Perez,evelynjohnson@example.org,2025-01-11,19,Allenland
CUST_00638,Dale Rose DDS,veronicajohnson@example.com,2025-01-20,34,New Allisonfurt
CUST_00639,Theresa Cunningham,sarabartlett@example.org,2025-04-06,40,New Brenda
CUST_00640,Jermaine Wells,scottwoods@example.org,2024-06-02,29,East Robertborough
CUST_00641,Julia Gardner,maureenturner@example.com,2024-07-22,18,Michaelside
CUST_00642,Samuel Wilson,michael97@example.com,2023-07-14,29,Randyshire
CUST_00643,Elizabeth Moody,joseph08@example.org,2024-10-15,32,Seanview
CUST_00644,Sheena Tate,hintonpatrick@example.com,2025-02-07,37,East Darius
CUST_00645,Krystal Wong,ssmith@example.net,2025-01-16,55,Kristenview
CUST_00646,Adriana Barton,normanmitchell@example.com,2024-10-04,18,Davidmouth
CUST_00647,Sheri Contreras,manueljohnson@example.net,2024-08-02,46,East Caitlinport
CUST_00648,Sarah Stone,lisarodriguez@example.org,2024-04-03,44,Rochaberg
CUST_00649,Brandon Hancock,anthonyvaldez@example.net,2022-05-30,34,Swansonhaven
CUST_00650,Mrs. Judy Crawford,gfritz@example.net,2022-11-27,42,North Troy
CUST_00651,Brittany Cruz,larajacqueline@example.net,2025-06-17,35,Aarontown
CUST_00652,Breanna Parker,rkaiser@example.com,2025-05-31,44,Westton
CUST_00653,Erica Cochran,browndaniel@example.org,2024-11-09,27,West Elizabethhaven
CUST_00654,Charlotte Oconnor,alicia96@example.com,2025-02-25,26,Powersmouth
CUST_00655,Daniel Ballard,tpollard@example.org,2023-11-24,18,West Lisa
CUST_00656,Stephanie Stone,jamesking@example.org,2024-07-31,42,East Brett
CUST_00657,Travis Ferguson,john04@example.com,2024-04-06,30,Heathermouth
CUST_00658,George Boyd,timothy01@example.net,2025-05-23,18,Robintown
CUST_00659,Joshua Ward,taylor20@example.net,2025-04-28,26,Michaelchester
CUST_00660,Austin Wong,monicaallen@example.com,2024-10-11,44,Port Joshuahaven
CUST_00661,Colleen Parks,dawnbrown@example.org,2024-04-15,39,Terrellburgh
CUST_00662,Mr. Joel Davis DDS,kevin50@example.net,2025-03-23,26,New Denise
CUST_00663,Gary Cunningham,iwilliams@example.net,2022-03-25,54,Port Heather
CUST_00664,Emily Bailey,richardblair@example.com,2024-09-21,37,Sherriton
CUST_00665,William Smith,stanley03@example.org,2025-06-23,43,Wheelertown
CUST_00666,Jennifer Torres DVM,qthompson@example.org,2024-08-08,39,South Stephanie
CUST_00667,Jason Maxwell,jasmineadams@example.net,2023-10-24,34,Michelleberg
CUST_00668,Amanda Lopez,lee37@example.net,2025-04-14,42,Lake Traci
CUST_00669,Allison Flynn,usmith@example.net,2024-07-30,51,North Amy
CUST_00670,Gary Newman,rolson@example.org,2023-03-22,34,East Michaelburgh
CUST_00671,Paul Alexander Jr.,othomas@example.com,2025-01-31,46,Rodriguezport
CUST_00672,Traci Hodges,fjones@example.com,2025-03-14,29,New Tammytown
CUST_00673,George Cox,vvang@example.com,2023-10-17,59,Michelleshire
CUST_00674,Richard Pena,robert37@example.org,2025-06-03,28,East Lisa
CUST_00675,Heather Romero,johnsonsara@example.net,2024-07-18,64,East Christopher
CUST_00676,Donald Herrera,wbarnes@example.net,2025-05-03,23,South Jimmouth
CUST_00677,Megan Glenn,deborahbrown@example.net,2024-03-09,33,South Danielstad
CUST_00678,Jessica Mitchell,moorecarolyn@example.com,2025-06-03,43,Thomasbury
CUST_00679,Erica Rubio,claytonsmith@example.com,2025-07-01,52,Kellyland
CUST_00680,Jennifer Davis,wardmelody@example.org,2024-09-24,57,Kevinberg
CUST_00681,Willie Robinson,andrew35@example.net,2025-04-04,55,New Brandon
CUST_00682,Cynthia Reynolds,mannandrew@example.org,2024-11-01,18,Port Ashley
CUST_00683,Laura Wright,hbates@example.com,2022-01-01,42,West Michaelshire
CUST_00684,Rebecca Jackson,karendavis@example.org,2025-01-01,28,Port Christopherchester
CUST_00685,Samuel Gallagher,jamesrose@example.com,2024-12-17,49,New Michaelside
CUST_00686,Cynthia Taylor,jennifer98@example.net,2022-01-01,51,Martinezland
CUST_00687,Patricia Brown,sandersrobert@example.com,2025-05-20,41,Lake Ericahaven
CUST_00688,Brandon Morris,tsimon@example.net,2024-08-28,31,Rodgersfort
CUST_00689,Kevin Butler,melissaponce@example.com,2025-03-15,24,Port Brandonville
CUST_00690,Michelle Nelson,parkermelissa@example.com,2025-01-30,29,Pattonland
CUST_00691,Jacqueline Nicholson,jimmybryant@example.com,2025-06-13,28,Joshuafurt
CUST_00692,Maxwell Barnes,lindsay96@example.com,2023-11-29,38,Cynthiaside
CUST_00693,Sarah Rivera,thomasbrown@example.org,2025-04-03,50,Rojasview
CUST_00694,Danny Adams,thompsonscott@example.com,2024-06-20,39,Joshuahaven
CUST_00695,Ann Thompson,jimmy43@example.net,2024-10-05,23,New Gregoryland
CUST_00696,Stephen Thomas,shawnmedina@example.net,2024-05-31,23,Lake Ralph
CUST_00697,Angela Davis,taylor34@example.net,2022-01-01,46,New Candace
CUST_00698,John Griffith,caseyrobert@example.com,2024-03-18,61,New Olivia
CUST_00699,David Berry,sethpreston@example.com,2024-11-23,39,Port Xaviershire
CUST_00700,John Alexander,allenjoshua@example.com,2022-05-13,29,Shaunhaven
CUST_00701,Jeanette Whitehead,darrenvargas@example.net,2025-04-30,26,Nealbury
CUST_00702,Michele Todd,taylor00@example.net,2024-10-02,45,Lake Anthonyland
CUST_00703,Raymond Oliver,jedwards@example.com,2025-06-02,57,Lake Ryan
CUST_00704,James Gonzalez,amypham@example.com,2025-02-04,34,New Jillianland
CUST_00705,Andrew Johnson,melissa39@example.org,2024-06-05,31,Matthewfort
CUST_00706,Charles Little,john47@example.org,2025-05-10,21,Rachelside
CUST_00707,Eric Rogers,amy14@example.net,2022-01-01,38,Hannahland
CUST_00708,Kristen Stewart,amoran@example.net,2023-09-05,47,Brooketon
CUST_00709,Thomas Salazar,smithtravis@example.org,2024-10-14,29,West Douglas
CUST_00710,Jon Garrison,jerrymyers@example.org,2024-02-12,40,North Joseph
CUST_00711,Rachel Harrington,taylorann@example.com,2025-05-21,44,Port Jeanette
CUST_00712,Michael Wilson,rcarrillo@example.net,2024-04-15,44,Campbellside
CUST_00713,Casey Gonzales,qmiranda@example.net,2025-06-26,25,Lake Michael
CUST_00714,Ann Wise,james56@example.com,2025-01-28,27,Williamsside
CUST_00715,Miss Wanda Phillips,logannixon@example.com,2025-06-06,39,Knighttown
CUST_00716,Susan Delacruz,wnguyen@example.com,2025-02-26,46,North Lindsayfort
CUST_00717,Samantha Robertson,angelaroberts@example.net,2025-01-06,63,Craigfort
CUST_00718,Angela Bush,joshua68@example.net,2024-10-18,24,Lake Miranda
CUST_00719,Dr. Crystal Wilkerson MD,hamiltonkristine@example.org,2023-01-02,41,Louischester
CUST_00720,Brandon Marsh,edwardsrebecca@example.com,2023-08-14,37,Cameronside
CUST_00721,Jacqueline Morgan,ashleyyoung@example.org,2025-04-15,32,Rogersview
CUST_00722,Kelsey Maddox,kimberly42@example.org,2023-06-03,51,Port Wendy
CUST_00723,Richard Stone,cheryl25@example.com,2023-07-01,44,East Emily
CUST_00724,Stephen Fisher,hernandezpaul@example.org,2025-02-27,45,Port Isaiahborough
CUST_00725,Cathy Krueger,lbennett@example.org,2025-06-09,23,Lake Ericstad
CUST_00726,Jonathan Mullins,bsmith@example.org,2024-05-02,33,Port Justin
CUST_00727,Patricia Smith,christopher50@example.net,2025-02-04,38,Woodport
CUST_00728,Michele Henry,james43@example.com,2023-10-18,40,Port Natalie
CUST_00729,Aaron Campbell,qwhite@example.com,2025-05-19,67,West Tyler
CUST_00730,Jennifer Murray,vgomez@example.org,2024-01-28,34,Velasquezfurt
CUST_00731,Patrick Hall,pateljoseph@example.org,2025-04-30,18,Paultown
CUST_00732,Samuel Williamson,kevin93@example.org,2025-05-13,38,South Michelleland
CUST_00733,Brian Johnson,sandersalan@example.net,2025-01-23,44,Christophershire
CUST_00734,Adriana Miller,danielssteven@example.net,2024-12-15,38,Davismouth
CUST_00735,Kristina Hughes,ydouglas@example.org,2025-02-23,18,Riosburgh
CUST_00736,Catherine Cunningham,jonathanjohnson@example.com,2025-05-30,41,Lake Martinshire
CUST_00737,Yolanda Randall,henryjames@example.org,2024-07-01,44,South Jessica
CUST_00738,Julie Harding,lisamartin@example.net,2024-06-21,22,New Tyler
CUST_00739,Brenda Armstrong,trevor05@example.org,2025-05-10,29,Lake Kimberlyburgh
CUST_00740,Candice Brown,sarah49@example.org,2022-01-01,37,Robertsport
CUST_00741,Ashley Jennings,david15@example.net,2025-06-18,31,Huntview
CUST_00742,David Davis,andradebradley@example.org,2025-05-23,33,Piercemouth
CUST_00743,Molly Ruiz,yhanson@example.org,2025-02-28,41,Christinefort
CUST_00744,Kimberly Sanchez,jenningsedward@example.net,2025-06-16,30,Wendyton
CUST_00745,Nicole Ramsey,holmesemily@example.org,2024-10-23,19,Stephanieberg
CUST_00746,Kristin Gray,hjohnson@example.com,2024-07-18,48,South Michaelshire
CUST_00747,Nancy Cole,diana70@example.com,2024-10-09,25,West Melissaview
CUST_00748,Steven Russo,mendozaroberta@example.net,2023-05-07,35,Martinbury
CUST_00749,Nicholas Dixon,mackenzienguyen@example.com,2024-12-03,31,Bergermouth
CUST_00750,Amanda Wheeler,christine91@example.net,2024-12-26,23,Robertport
CUST_00751,Juan Rowland,kimberly36@example.org,2023-10-07,48,Millerburgh
CUST_00752,David Sandoval,hmills@example.com,2025-07-05,47,Shaunville
CUST_00753,Tammy Erickson,ysimon@example.net,2024-12-25,33,New Samantha
CUST_00754,Christopher Armstrong,michaelblankenship@example.org,2025-03-22,37,Pratttown
CUST_00755,Faith Rogers,wwilliams@example.com,2024-02-04,39,Port Brittany
CUST_00756,Tiffany Bishop,moorejill@example.com,2025-04-12,24,New Dana
CUST_00757,Kevin Orozco,melissa94@example.com,2025-07-05,26,Christopherville
CUST_00758,Sarah Valenzuela,normanwilliam@example.org,2024-09-23,37,Richardborough
CUST_00759,Tina Harrison,angela85@example.net,2024-11-30,23,North Jordanborough
CUST_00760,Shawn Brock,brennangeorge@example.com,2025-02-16,37,Waltersbury
CUST_00761,Alexis Lane,jacksonpatrick@example.org,2024-03-09,18,Ronaldshire
CUST_00762,Kenneth Hartman,bellzachary@example.org,2025-01-07,32,Port Brendastad
CUST_00763,Brett Murphy,ichristensen@example.com,2024-11-27,41,South Jamesstad
CUST_00764,Dawn Salinas,aaronwhite@example.net,2022-06-01,40,Gibsonshire
CUST_00765,Nicholas Green,marthaatkinson@example.com,2023-12-23,51,Lake Cynthiashire
CUST_00766,John Hill,oellis@example.net,2024-12-11,24,Lake Alan
CUST_00767,Julie Hunter,rlopez@example.net,2025-03-24,36,Davismouth
CUST_00768,Jennifer Dougherty DDS,evargas@example.com,2024-07-04,49,Simpsonmouth
CUST_00769,Pamela Hughes,jonesbrian@example.org,2024-06-11,41,Paulahaven
CUST_00770,Lydia Pace,williamsjoshua@example.com,2024-07-27,47,Angelaborough
CUST_00771,Stacey Roberts,terrellrachel@example.org,2025-06-14,23,Lake Heathermouth
CUST_00772,Tony Miller,donald34@example.org,2024-03-08,38,East Vincent
CUST_00773,Kenneth Becker,georgecatherine@example.net,2024-10-20,35,Theresafort
CUST_00774,Michael Haynes,pamela38@example.net,2025-06-07,39,New Sean
CUST_00775,Joshua Reid,ylee@example.com,2024-04-06,28,Lake Autumntown
CUST_00776,Jason Rodriguez,greenjacob@example.com,2025-03-03,53,West Meganberg
CUST_00777,Kathleen Pena,nsmith@example.net,2025-02-02,46,Port Veronica
CUST_00778,Matthew Wheeler,kanemichael@example.net,2025-04-26,51,Brewertown
CUST_00779,John Sanders,brad32@example.com,2025-05-01,41,Toddside
CUST_00780,Kenneth Arnold,riveraheather@example.com,2024-01-29,29,Bradleyhaven
CUST_00781,Tina Johnson,hramos@example.org,2025-03-19,45,Westville
CUST_00782,Ashley Griffin,johnstark@example.net,2025-01-15,53,Lake Andrew
CUST_00783,Brett Stone,freemandawn@example.org,2025-04-16,41,Barnesville
CUST_00784,Sharon Sullivan,pamelaschwartz@example.com,2024-01-13,26,South James
CUST_00785,Sonya Chambers,vwilson@example.net,2024-06-28,30,Port David
CUST_00786,Michael Norton,zking@example.org,2022-01-25,38,Lake Joelshire
CUST_00787,Katherine Stevens,marquezjohn@example.org,2023-12-02,55,Susanfort
CUST_00788,William Nguyen,jessicadaniels@example.net,2024-02-22,59,West Jamesbury
CUST_00789,Tina Bailey,brandon15@example.org,2023-11-08,27,West Carla
CUST_00790,Deborah Mcgee,traceymontes@example.net,2025-02-09,42,Bergerton
CUST_00791,Bernard Garcia DDS,tgarcia@example.com,2022-11-22,30,Sullivanmouth
CUST_00792,Sheila Church,michaellawrence@example.org,2024-12-15,22,North Jamesburgh
CUST_00793,Jasmine Brown,galvansharon@example.com,2024-12-10,44,Emilyland
CUST_00794,Bonnie Ayers,andrew74@example.org,2025-03-31,39,Samanthaburgh
CUST_00795,Kathryn Hunt,jon19@example.org,2025-05-23,40,Geoffreyshire
CUST_00796,Wendy Brown,brownnathaniel@example.net,2024-06-26,36,North Lynnfurt
CUST_00797,Valerie Anthony,pjones@example.com,2025-03-09,41,Danielfort
CUST_00798,Jeremiah Turner,stephen26@example.net,2023-08-25,41,Port Katherineside
CUST_00799,Elizabeth Jones,angelamacias@example.net,2023-01-04,48,Luceroshire
CUST_00800,Rebekah Morris,andreathompson@example.org,2024-11-26,28,Kingland
CUST_00801,Patricia Johnson,daniel66@example.net,2023-09-05,48,Riverafurt
CUST_00802,Catherine Wheeler,jennifergrant@example.net,2024-06-15,46,North Holly
CUST_00803,Matthew Rocha,nathanedwards@example.net,2025-04-29,41,West Mathewbury
CUST_00804,Stephanie Myers,kyleday@example.net,2022-10-02,38,Port Charlesmouth
CUST_00805,Sara Lee,james31@example.com,2025-06-23,36,Lake Sarah
CUST_00806,Mark Ball,agreen@example.org,2024-03-24,36,Jenkinston
CUST_00807,Michael Williams,csalazar@example.org,2023-10-27,38,North Sarah
CUST_00808,Brian Charles,qhernandez@example.org,2023-09-08,20,Hooperborough
CUST_00809,Samuel Mckee,vkemp@example.org,2024-03-15,65,North Elizabeth
CUST_00810,Richard Clark,ndoyle@example.net,2024-10-23,50,Garychester
CUST_00811,Molly Powell,john74@example.net,2025-03-03,59,Castrostad
CUST_00812,Janet Estrada,john93@example.net,2023-06-16,45,Lake Sharonfort
CUST_00813,Derrick Delgado,james89@example.com,2024-07-05,30,Jameschester
CUST_00814,Justin Snyder,wparks@example.org,2024-11-26,43,North Joy
CUST_00815,James Cochran,robertssamantha@example.com,2025-07-06,47,Lake Jacqueline
CUST_00816,Sharon Romero,dfigueroa@example.org,2022-01-01,26,Jessicastad
CUST_00817,Susan Fitzpatrick,millersergio@example.org,2025-06-01,53,West Benjaminside
CUST_00818,Bruce Smith,karenharris@example.com,2025-04-17,32,Munozfurt
CUST_00819,Donald Sandoval,chavezdeborah@example.com,2024-09-17,46,Thomasbury
CUST_00820,Harold Green,zerickson@example.net,2025-04-24,55,Sanfordview
CUST_00821,Allison Mcdowell,monicareed@example.org,2025-01-30,41,South Edwardstad
CUST_00822,Dustin Mills,ksingh@example.net,2025-07-08,55,North Aprilshire
CUST_00823,William Clarke,iwalker@example.org,2024-02-03,20,Herringside
CUST_00824,Brian Campbell,andrewwelch@example.org,2025-05-12,24,East Eileenshire
CUST_00825,Jacqueline Hardy,randy46@example.org,2025-02-26,28,Port Kimberly
CUST_00826,Jessica Gomez,laura10@example.net,2024-03-29,18,Candiceland
CUST_00827,John King,richard91@example.com,2023-05-08,18,Ianberg
CUST_00828,Kenneth Palmer,angelajacobson@example.com,2024-12-27,55,East Jennifermouth
CUST_00829,Jon Mcfarland,leejose@example.com,2024-05-01,51,South Kim
CUST_00830,Christy Dunn,billymiller@example.com,2025-06-04,31,New Laurie
CUST_00831,Angel Todd,xgonzales@example.net,2024-08-20,64,Simmonsport
CUST_00832,Paul Hardin,joshua28@example.net,2025-06-15,34,Lorrainefort
CUST_00833,Erin George,bill64@example.com,2024-08-27,60,South Scott
CUST_00834,David Romero,lcole@example.org,2024-08-06,60,Lake Tracyville
CUST_00835,Nicholas Christensen,fyu@example.org,2024-05-24,30,Kevintown
CUST_00836,Katherine Cooper,mendezandrea@example.net,2023-10-12,47,East Angelamouth
CUST_00837,Annette Cook,georgeanderson@example.net,2024-10-31,51,Thomasview
CUST_00838,Zachary Franco,stacyperkins@example.net,2024-04-17,30,Jamesbury
CUST_00839,John Jarvis,lawrenceemma@example.com,2023-12-20,18,South Sarah
CUST_00840,Michael Flores,leblancdouglas@example.org,2025-05-12,47,South Taylor
CUST_00841,Sonya Rivera,lisarobertson@example.org,2025-02-14,27,North Patricia
CUST_00842,Anthony Perry,bradley63@example.org,2025-04-10,36,Lauraborough
CUST_00843,Elizabeth Rodriguez,sjohnson@example.com,2024-08-11,40,Davisview
CUST_00844,Shane Weber,carrillochristian@example.org,2024-12-22,44,New Susanshire
CUST_00845,Matthew Hartman,lawrencedawn@example.org,2024-07-05,33,South Sandra
CUST_00846,Richard Macias,matthewgriffin@example.org,2024-12-29,41,South Mistystad
CUST_00847,Julie Diaz,lauren59@example.net,2023-09-10,52,Saraport
CUST_00848,James Mcdonald,patrickscott@example.net,2024-08-20,18,Phamshire
CUST_00849,Elizabeth Garcia,jennifer51@example.org,2025-04-26,21,Port Richardhaven
CUST_00850,Jason Williams,ashleylee@example.net,2025-06-30,23,North Margaretville
CUST_00851,David Ruiz,paula71@example.org,2025-07-01,31,West Shannon
CUST_00852,Matthew Castro,jonathanblair@example.com,2024-10-16,47,Wrightside
CUST_00853,Nathan Miller,kayla88@example.net,2025-03-02,50,North Mark
CUST_00854,Elizabeth Johnson,alexandria17@example.com,2023-09-05,35,Lake Robertstad
CUST_00855,Kelsey Brown,hjackson@example.net,2025-04-25,35,East Jasonborough
CUST_00856,John Morgan PhD,david26@example.com,2024-11-11,54,Alyssahaven
CUST_00857,Jason Oneal,reynoldsshannon@example.net,2025-05-18,40,North Margaret
CUST_00858,Martin Burns,jessicaparker@example.com,2024-11-01,33,Robinsonbury
CUST_00859,Alexander House,ygibbs@example.com,2024-12-12,48,Jacobtown
CUST_00860,Michelle Clark,dominic91@example.org,2025-05-07,47,South Raymond
CUST_00861,Kristy Smith,connor86@example.com,2024-07-31,42,Tammychester
CUST_00862,Anthony Sosa,hpearson@example.org,2024-06-14,31,Elizabethhaven
CUST_00863,Tiffany Carpenter,estradalisa@example.net,2022-05-21,26,Warrenburgh
CUST_00864,Erika Joseph,jasonwhite@example.org,2025-03-28,27,Hernandezfort
CUST_00865,Alyssa Moran,amber28@example.com,2023-02-26,27,Nealburgh
CUST_00866,Alison Taylor,blevinsbrandon@example.org,2024-02-06,26,Erikhaven
CUST_00867,Laurie Davis,morrowjerome@example.org,2024-12-03,31,Dayview
CUST_00868,David Cruz,sheririvers@example.com,2025-06-16,37,Lake Danielle
CUST_00869,Abigail Lawson,rossadriana@example.net,2023-02-26,39,Lake Leahtown
CUST_00870,Timothy Smith,fsmith@example.org,2024-12-28,24,Port Oscarfurt
CUST_00871,Richard Lowery,patricia48@example.org,2025-02-04,40,South Edward
CUST_00872,April Francis DDS,xhobbs@example.net,2024-09-13,39,Katherineville
CUST_00873,Stephanie Wilson,leebrandon@example.net,2022-10-05,36,East Sarah
CUST_00874,Jonathan Nguyen,tcolon@example.org,2025-03-22,30,Maynardbury
CUST_00875,Laurie Rasmussen,stevenross@example.net,2024-03-17,24,Gentrytown
CUST_00876,Grant Cain,garciakatelyn@example.org,2024-09-08,44,Reyesberg
CUST_00877,Joseph Luna,hannah06@example.net,2024-11-24,38,East Krystalstad
CUST_00878,Jacob Frazier,jessica92@example.com,2025-02-03,42,New Heather
CUST_00879,Charles Cardenas,romerocharles@example.com,2025-05-26,32,Adamsberg
CUST_00880,Ryan Newman,jasonstrickland@example.org,2025-03-26,31,North Jameshaven
CUST_00881,Cristina Becker,ejohnson@example.com,2023-08-16,50,Tracyport
CUST_00882,Lisa Vargas,hannah65@example.org,2025-05-26,69,Lake Jenniferville
CUST_00883,Jeffrey Hall,daniel75@example.net,2023-07-23,34,Kathrynland
CUST_00884,Christopher Smith,ericbailey@example.net,2024-04-16,39,Ashleymouth
CUST_00885,Steven Morales,kyle94@example.com,2024-09-26,37,New Chad
CUST_00886,Ryan Bowen DDS,smithgeorge@example.net,2024-11-10,28,Jonestown
CUST_00887,Lisa Johnson,tinataylor@example.net,2025-05-04,32,West Andrew
CUST_00888,Jeremy Rodriguez,vincenttaylor@example.com,2024-12-28,62,Blakebury
CUST_00889,Amanda Barnett,natalie75@example.net,2024-06-20,29,West Jill
CUST_00890,Seth Donovan,melissagonzales@example.com,2024-10-20,38,Jeremybury
CUST_00891,Kathleen Evans,christophergreen@example.org,2023-11-18,30,Dawsonhaven
CUST_00892,Jacob Tucker,michaelspencer@example.net,2023-12-24,37,Brianville
CUST_00893,Jennifer Sims,david77@example.org,2025-04-18,29,South Judyfort
CUST_00894,Maria Houston,amoore@example.org,2025-02-13,31,West Shelly
CUST_00895,Brenda Harris,sanchezlynn@example.org,2024-02-10,20,Port Gailberg
CUST_00896,Jeffrey Weeks,jenniferrose@example.org,2023-06-03,39,South Stuart
CUST_00897,John Gregory,gregorycampbell@example.net,2023-05-29,33,Michellechester
CUST_00898,Daniel Robertson,jonathonmassey@example.org,2024-12-02,44,Moorechester
CUST_00899,Matthew Cain,amanda73@example.com,2022-01-01,37,Jacksonburgh
CUST_00900,Isaiah Edwards,smithjonathan@example.com,2023-02-15,29,New Tammyburgh
CUST_00901,Katrina Clark,candice16@example.com,2024-09-30,26,South Douglas
CUST_00902,David Kelley,pattersongregory@example.com,2024-06-14,37,Lake Josephside
CUST_00903,Ronald Smith,uhernandez@example.net,2023-10-18,53,Rodriguezview
CUST_00904,Anita Craig,jason71@example.org,2022-03-09,31,Mendezton
CUST_00905,Candice Stark,jeromebell@example.org,2025-04-17,18,North Gregory
CUST_00906,Joanne Schmidt,tanyaduke@example.net,2023-12-13,40,Nicholasside
CUST_00907,Rebekah Patterson,jessica26@example.com,2024-08-29,52,Lake Dustinview
CUST_00908,Arthur Hutchinson,palmermelissa@example.net,2025-01-06,44,Lloydport
CUST_00909,Alexander Jackson,dperez@example.org,2023-01-21,23,New Mark
CUST_00910,Edward King,jwilliams@example.com,2024-05-01,39,Amberville
CUST_00911,Diana Morgan,allen60@example.com,2023-12-12,48,Cordovahaven
CUST_00912,Jack Guzman,evansrichard@example.com,2023-02-27,32,Michaelside
CUST_00913,Jessica Russo,denniswells@example.net,2025-03-13,31,South Dianaburgh
CUST_00914,Lisa Escobar,nicholascarroll@example.com,2023-04-12,31,Kristychester
CUST_00915,Heather Smith,clarktroy@example.net,2024-06-17,35,Jenniferbury
CUST_00916,Jonathan Michael,kbrown@example.com,2024-07-26,24,Mcbrideland
CUST_00917,Miranda Morales,gibsonjulie@example.com,2025-06-08,40,Thompsontown
CUST_00918,Angela Wilson,kaitlyn82@example.com,2024-10-26,40,Riosland
CUST_00919,Shelia Short,tonya94@example.com,2022-02-09,41,Romeroburgh
CUST_00920,Kenneth Burns,rachel39@example.net,2024-06-02,37,Geraldborough
CUST_00921,Rita Fernandez,ruiztimothy@example.com,2024-07-07,23,Rodriguezport
CUST_00922,Susan Cook,xarmstrong@example.net,2025-07-05,34,North Aaronfurt
CUST_00923,Brittany King,xhart@example.org,2024-09-13,59,South Matthewmouth
CUST_00924,Kathleen Mcdowell,ajackson@example.com,2023-04-25,40,Natashaview
CUST_00925,Bobby Schultz,phill@example.net,2025-06-09,28,South Jesustown
CUST_00926,Jacob Lopez,ukidd@example.com,2023-07-28,45,Port Crystalland
CUST_00927,Dr. Charles Robertson,stacey51@example.com,2023-10-24,59,East Stephanie
CUST_00928,Evelyn Patterson,abernard@example.net,2025-02-22,42,Horneville
CUST_00929,Connie Proctor,barnesryan@example.com,2024-11-19,36,Port Jeffreychester
CUST_00930,Jennifer Leblanc DDS,jennifer80@example.com,2025-01-29,53,Michaelchester
CUST_00931,Jenna Dalton,millertammy@example.net,2024-11-03,32,West Tracyburgh
CUST_00932,Brianna Palmer,perezteresa@example.com,2025-05-01,49,Martinezburgh
CUST_00933,Joshua Smith,kimberly87@example.com,2024-04-11,31,Ericstad
CUST_00934,Brandon Knight,adalton@example.net,2025-02-03,33,New Richardfurt
CUST_00935,Daniel Allen,jeffreyyoung@example.com,2024-12-03,47,West Kristenview
CUST_00936,Christopher Valentine,gordonnancy@example.net,2024-07-20,53,Brandonmouth
CUST_00937,Tina Cruz,nicoleperez@example.org,2025-02-01,36,South Alice
CUST_00938,John Pineda,matthew13@example.net,2022-01-01,52,East Catherine
CUST_00939,Amy Torres,juanfrancis@example.com,2024-07-07,42,North Andrew
CUST_00940,Kirk Francis,travis04@example.net,2025-02-16,28,Anneville
CUST_00941,Aaron Obrien,gonzalezaaron@example.net,2024-05-12,33,Blankenshipton
CUST_00942,Andrew Berg,belljacob@example.net,2023-09-16,44,New Alexanderport
CUST_00943,Matthew Cole,arroyoerin@example.net,2025-03-12,54,Riveraside
CUST_00944,Elizabeth Beard,swatkins@example.net,2024-10-20,50,New Elaine
CUST_00945,Jason Perkins,julie40@example.com,2025-02-27,50,Grantberg
CUST_00946,Claire Garcia,yeseniawarren@example.org,2022-09-27,22,Andersonmouth
CUST_00947,Brian Nelson,lmorales@example.org,2023-06-22,46,Andreamouth
CUST_00948,Jennifer Robinson,williamspeter@example.net,2024-06-05,46,Martinezview
CUST_00949,Sarah Bowman,kbarber@example.net,2025-03-21,41,East Jasminebury
CUST_00950,Jillian Stewart,swall@example.org,2024-09-12,45,South Cathy
CUST_00951,Erica Underwood,jerry18@example.net,2025-05-28,18,Riddlefurt
CUST_00952,Patrick Davenport,cynthiaosborn@example.org,2023-07-11,18,West Elizabeth
CUST_00953,Jonathan Payne,houstondebbie@example.com,2024-09-24,41,South Eric
CUST_00954,Jessica Owens,xmarsh@example.org,2025-05-28,37,East Amanda
CUST_00955,Donald Pittman,smithjohn@example.net,2024-12-21,35,Juliamouth
CUST_00956,Bryan Mclean,michaelbaxter@example.org,2023-07-27,43,New Peggyberg
CUST_00957,Jonathan Barker,caldwellsharon@example.org,2025-03-05,40,East Anthonymouth
CUST_00958,John Bailey,hendersondaniel@example.net,2023-11-21,41,Lake John
CUST_00959,John Burgess,uhowell@example.com,2025-07-03,48,Port Kelly
CUST_00960,Sherry Mccormick,carterjoseph@example.net,2025-03-11,31,Codyport
CUST_00961,Jamie Barrett,reidsamantha@example.org,2023-06-18,42,Carrport
CUST_00962,James Brewer,gjohnson@example.com,2024-09-29,30,North Ricardo
CUST_00963,David Sheppard,ericbrooks@example.com,2025-06-02,18,Patriciaview
CUST_00964,Audrey Harrison,jbrown@example.org,2024-08-11,34,New Jasmineborough
CUST_00965,Jack Davis,jlucas@example.com,2025-03-03,50,Andrewshire
CUST_00966,Joshua Thomas,qphillips@example.com,2025-06-21,27,New Joe
CUST_00967,Tracey Glenn MD,perryjames@example.net,2023-03-11,43,Lake Lance
CUST_00968,Jacob Jackson,nmadden@example.org,2024-08-15,48,Brooksstad
CUST_00969,Tammy Lyons,lisa39@example.com,2023-04-18,46,South Joel
CUST_00970,Kim Taylor,elijahmcdonald@example.net,2025-06-27,30,Hendersonberg
CUST_00971,Anthony Miller,klynch@example.net,2024-08-24,29,New Cherylberg
CUST_00972,Mrs. Jennifer Hurst MD,jacob64@example.com,2023-09-29,38,East Christopher
CUST_00973,Chad Johnson,wallpatrick@example.net,2024-08-10,41,Kelseyland
CUST_00974,Kayla Atkins,josephking@example.org,2023-10-03,45,Edwardville
CUST_00975,Tammie Watson,davisjackson@example.com,2023-05-31,45,North Susanberg
CUST_00976,Joshua Howell,sstafford@example.com,2024-12-16,70,South Jacob
CUST_00977,Brittany Small,kristinesmith@example.org,2025-02-20,55,Milesborough
CUST_00978,Gabrielle Frazier,hernandezdestiny@example.com,2024-08-07,33,Wilkinsonview
CUST_00979,Gabriel Weiss,ohicks@example.org,2023-04-17,63,Braunfort
CUST_00980,Isaac Grant,howardjames@example.com,2024-07-10,24,South Nicholas
CUST_00981,James Bass,james27@example.com,2024-08-17,25,Alantown
CUST_00982,Ruth Wilson,tiffany82@example.com,2024-10-20,47,Banksfort
CUST_00983,Samantha Salazar,awolf@example.org,2025-05-30,34,South Ashleyside
CUST_00984,Lisa Smith,melissa93@example.com,2024-06-19,18,Nunezmouth
CUST_00985,Kenneth Ray,middletonamber@example.com,2022-07-08,55,Payneberg
CUST_00986,Jeanette Ford,youngnicole@example.net,2024-10-25,45,Port Valerieborough
CUST_00987,Michael Robinson,lwilliams@example.net,2024-07-08,36,Lake Robert
CUST_00988,Candice West,williamsmark@example.org,2025-01-27,35,Savannahberg
CUST_00989,Thomas Waters,henryjohnson@example.com,2024-11-18,35,Mendozaside
CUST_00990,Rachel Anderson,lcaldwell@example.com,2025-04-21,18,Johnstad
CUST_00991,Andrea Smith,craig93@example.com,2024-07-30,27,Ronaldmouth
CUST_00992,Brittany Bean,ijones@example.net,2024-10-17,29,Shieldsville
CUST_00993,Matthew Brewer,alleneric@example.org,2025-07-07,51,East Morgan
CUST_00994,Gina Benton,amberneal@example.org,2024-09-03,31,East Kelli
CUST_00995,Troy Adams,parkerbarbara@example.org,2024-10-20,42,West Michaelhaven
CUST_00996,Patty Spears,jasonross@example.com,2025-01-06,35,Sanchezville
CUST_00997,Lacey Pitts,kellyerickson@example.net,2025-06-06,27,Kimberlyland
CUST_00998,Lauren Jones,lisafox@example.net,2025-02-05,41,Marthafurt
CUST_00999,Megan Johnson,imalone@example.org,2024-10-24,37,Hawkinsmouth
CUST_01000,Alyssa Hickman,williamkrause@example.com,2024-04-23,50,East Billy
